category	file	line	snippet	severity	priority
DEBUGGER	.claude/worktrees/backend-core/node_modules/.pnpm/@babel+generator@7.29.1/node_modules/@babel/generator/lib/generators/statements.js	  this.word("debugger");	  this.word("debugger");	P2	2
DEBUGGER	.claude/worktrees/backend-core/node_modules/.pnpm/@babel+helper-validator-identifier@7.28.5/node_modules/@babel/helper-validator-identifier/lib/keyword.js	  keyword	 ["break", "case", "catch", "continue", "debugger", "default", "do", "else", "finally", "for", "function", "if", "return", "switch", "throw", "try", "var", "const", "while", "with", "new", "this", "super", "class", "extends", "export", "import", "null", "true", "false", "in", "instanceof", "typeof", "void", "delete"],	P2	2
TODO_OR_FIXME	.claude/worktrees/backend-core/node_modules/.pnpm/@babel+parser@7.29.0/node_modules/@babel/parser/lib/index.js	  MissingUnicodeEscape	 "Expecting Unicode escape sequence \\uXXXX.",	P3	3
DEBUGGER	.claude/worktrees/backend-core/node_modules/.pnpm/@babel+parser@7.29.0/node_modules/@babel/parser/lib/index.js	  _debugger	 createKeyword("debugger"),	P2	2
DEBUGGER	.claude/worktrees/backend-core/node_modules/.pnpm/@babel+parser@7.29.0/node_modules/@babel/parser/lib/index.js	  keyword	 ["break", "case", "catch", "continue", "debugger", "default", "do", "else", "finally", "for", "function", "if", "return", "switch", "throw", "try", "var", "const", "while", "with", "new", "this", "super", "class", "extends", "export", "import", "null", "true", "false", "in", "instanceof", "typeof", "void", "delete"],	P2	2
DEBUGGER	.claude/worktrees/backend-core/node_modules/.pnpm/@babel+parser@7.29.0/node_modules/@babel/parser/lib/index.js	const reservedWordLikeSet = new Set(["break", "case", "catch", "continue", "debugger", "default", "do", "else", "finally", "for", "function", "if", "return", "switch", "throw", "try", "var", "const", "while", "with", "new", "this", "super", "class", "extends", "export", "import", "null", "true", "false", "in", "instanceof", "typeof", "void", "delete", "implements", "interface", "let", "package", "private", "protected", "public", "static", "yield", "eval", "arguments", "enum", "await"]);	const reservedWordLikeSet = new Set(["break", "case", "catch", "continue", "debugger", "default", "do", "else", "finally", "for", "function", "if", "return", "switch", "throw", "try", "var", "const", "while", "with", "new", "this", "super", "class", "extends", "export", "import", "null", "true", "false", "in", "instanceof", "typeof", "void", "delete", "implements", "interface", "let", "package", "private", "protected", "public", "static", "yield", "eval", "arguments", "enum", "await"]);	P2	2
DEBUGGER	.claude/worktrees/backend-core/node_modules/.pnpm/@babel+types@7.29.0/node_modules/@babel/types/lib/builders/generated/lowercase.js	exports.debuggerStatement = debuggerStatement;	exports.debuggerStatement = debuggerStatement;	P2	2
DEBUGGER	.claude/worktrees/backend-core/node_modules/.pnpm/@babel+types@7.29.0/node_modules/@babel/types/lib/builders/generated/lowercase.js	function debuggerStatement() {	function debuggerStatement() {	P2	2
DEBUGGER	.claude/worktrees/backend-core/node_modules/.pnpm/@babel+types@7.29.0/node_modules/@babel/types/lib/builders/generated/uppercase.js	  DebuggerStatement = exports.DebuggerStatement = alias("debuggerStatement"),	  DebuggerStatement = exports.DebuggerStatement = alias("debuggerStatement"),	P2	2
DEBUGGER	.claude/worktrees/backend-core/node_modules/.pnpm/@babel+types@7.29.0/node_modules/@babel/types/lib/index-legacy.d.ts	export function debuggerStatement()	 DebuggerStatement;	P2	2
DEBUGGER	.claude/worktrees/backend-core/node_modules/.pnpm/@babel+types@7.29.0/node_modules/@babel/types/lib/index.d.ts	declare function debuggerStatement()	 DebuggerStatement;	P2	2
DEBUGGER	.claude/worktrees/backend-core/node_modules/.pnpm/@babel+types@7.29.0/node_modules/@babel/types/lib/index.d.ts	export { ACCESSOR_TYPES, ALIAS_KEYS, ASSIGNMENT_OPERATORS, Accessor, Aliases, AnyTypeAnnotation, ArgumentPlaceholder, ArrayExpression, ArrayPattern, ArrayTypeAnnotation, ArrowFunctionExpression, AssignmentExpression, AssignmentPattern, AwaitExpression, BINARY_OPERATORS, BINARY_TYPES, BLOCKPARENT_TYPES, BLOCK_TYPES, BOOLEAN_BINARY_OPERATORS, BOOLEAN_NUMBER_BINARY_OPERATORS, BOOLEAN_UNARY_OPERATORS, BUILDER_KEYS, BigIntLiteral, Binary, BinaryExpression, BindExpression, Block, BlockParent, BlockStatement, BooleanLiteral, BooleanLiteralTypeAnnotation, BooleanTypeAnnotation, BreakStatement, CLASS_TYPES, COMMENT_KEYS, COMPARISON_BINARY_OPERATORS, COMPLETIONSTATEMENT_TYPES, CONDITIONAL_TYPES, CallExpression, CatchClause, Class, ClassAccessorProperty, ClassBody, ClassDeclaration, ClassExpression, ClassImplements, ClassMethod, ClassPrivateMethod, ClassPrivateProperty, ClassProperty, Comment, CommentBlock, CommentLine, CommentTypeShorthand, CompletionStatement, Conditional, ConditionalExpression, ContinueStatement, DECLARATION_TYPES, DEPRECATED_ALIASES, DEPRECATED_KEYS, DebuggerStatement, DecimalLiteral, Declaration, DeclareClass, DeclareExportAllDeclaration, DeclareExportDeclaration, DeclareFunction, DeclareInterface, DeclareModule, DeclareModuleExports, DeclareOpaqueType, DeclareTypeAlias, DeclareVariable, DeclaredPredicate, Decorator, DeprecatedAliases, Directive, DirectiveLiteral, DoExpression, DoWhileStatement, ENUMBODY_TYPES, ENUMMEMBER_TYPES, EQUALITY_BINARY_OPERATORS, EXPORTDECLARATION_TYPES, EXPRESSIONWRAPPER_TYPES, EXPRESSION_TYPES, EmptyStatement, EmptyTypeAnnotation, EnumBody, EnumBooleanBody, EnumBooleanMember, EnumDeclaration, EnumDefaultedMember, EnumMember, EnumNumberBody, EnumNumberMember, EnumStringBody, EnumStringMember, EnumSymbolBody, ExistsTypeAnnotation, ExportAllDeclaration, ExportDeclaration, ExportDefaultDeclaration, ExportDefaultSpecifier, ExportNamedDeclaration, ExportNamespaceSpecifier, ExportSpecifier, Expression, ExpressionStatement, ExpressionWrapper, FLATTENABLE_KEYS, FLIPPED_ALIAS_KEYS, FLOWBASEANNOTATION_TYPES, FLOWDECLARATION_TYPES, FLOWPREDICATE_TYPES, FLOWTYPE_TYPES, FLOW_TYPES, FORXSTATEMENT_TYPES, FOR_INIT_KEYS, FOR_TYPES, FUNCTIONPARAMETER_TYPES, FUNCTIONPARENT_TYPES, FUNCTION_TYPES, FieldOptions, File, Flow, FlowBaseAnnotation, FlowDeclaration, FlowPredicate, FlowType, For, ForInStatement, ForOfStatement, ForStatement, ForXStatement, Function, FunctionDeclaration, FunctionExpression, FunctionParameter, FunctionParent, FunctionTypeAnnotation, FunctionTypeParam, GenericTypeAnnotation, IMMUTABLE_TYPES, IMPORTOREXPORTDECLARATION_TYPES, INHERIT_KEYS, Identifier, IfStatement, Immutable, Import, ImportAttribute, ImportDeclaration, ImportDefaultSpecifier, ImportExpression, ImportNamespaceSpecifier, ImportOrExportDeclaration, ImportSpecifier, IndexedAccessType, InferredPredicate, InterfaceDeclaration, InterfaceExtends, InterfaceTypeAnnotation, InterpreterDirective, IntersectionTypeAnnotation, JSX, JSXAttribute, JSXClosingElement, JSXClosingFragment, JSXElement, JSXEmptyExpression, JSXExpressionContainer, JSXFragment, JSXIdentifier, JSXMemberExpression, JSXNamespacedName, JSXOpeningElement, JSXOpeningFragment, JSXSpreadAttribute, JSXSpreadChild, JSXText, JSX_TYPES, LITERAL_TYPES, LOGICAL_OPERATORS, LOOP_TYPES, LVAL_TYPES, LVal, LabeledStatement, Literal, LogicalExpression, Loop, METHOD_TYPES, MISCELLANEOUS_TYPES, MODULEDECLARATION_TYPES, MODULESPECIFIER_TYPES, MemberExpression, MetaProperty, Method, Miscellaneous, MixedTypeAnnotation, ModuleDeclaration, ModuleExpression, ModuleSpecifier, NODE_FIELDS, NODE_PARENT_VALIDATIONS, NUMBER_BINARY_OPERATORS, NUMBER_UNARY_OPERATORS, NewExpression, Node, Noop, NullLiteral, NullLiteralTypeAnnotation, NullableTypeAnnotation, NumberLiteral$1 as NumberLiteral, NumberLiteralTypeAnnotation, NumberTypeAnnotation, NumericLiteral, OBJECTMEMBER_TYPES, ObjectExpression, ObjectMember, ObjectMethod, ObjectPattern, ObjectProperty, ObjectTypeAnnotation, ObjectTypeCallProperty, ObjectTypeIndexer, ObjectTypeInternalSlot, ObjectTypeProperty, ObjectTypeSpreadProperty, OpaqueType, OptionalCallExpression, OptionalIndexedAccessType, OptionalMemberExpression, PATTERNLIKE_TYPES, PATTERN_TYPES, PLACEHOLDERS, PLACEHOLDERS_ALIAS, PLACEHOLDERS_FLIPPED_ALIAS, PRIVATE_TYPES, PROPERTY_TYPES, PUREISH_TYPES, ParentMaps, ParenthesizedExpression, Pattern, PatternLike, PipelineBareFunction, PipelinePrimaryTopicReference, PipelineTopicExpression, Placeholder, Private, PrivateName, Program, Property, Pureish, QualifiedTypeIdentifier, RecordExpression, RegExpLiteral, RegexLiteral$1 as RegexLiteral, Options$1 as RemovePropertiesOptions, RestElement, RestProperty$1 as RestProperty, ReturnStatement, SCOPABLE_TYPES, STANDARDIZED_TYPES, STATEMENT_OR_BLOCK_KEYS, STATEMENT_TYPES, STRING_UNARY_OPERATORS, Scopable, SequenceExpression, SourceLocation, SpreadElement, SpreadProperty$1 as SpreadProperty, Standardized, Statement, StaticBlock, StringLiteral, StringLiteralTypeAnnotation, StringTypeAnnotation, Super, SwitchCase, SwitchStatement, SymbolTypeAnnotation, TERMINATORLESS_TYPES, TSAnyKeyword, TSArrayType, TSAsExpression, TSBASETYPE_TYPES, TSBaseType, TSBigIntKeyword, TSBooleanKeyword, TSCallSignatureDeclaration, TSConditionalType, TSConstructSignatureDeclaration, TSConstructorType, TSDeclareFunction, TSDeclareMethod, TSENTITYNAME_TYPES, TSEntityName, TSEnumBody, TSEnumDeclaration, TSEnumMember, TSExportAssignment, TSExpressionWithTypeArguments, TSExternalModuleReference, TSFunctionType, TSImportEqualsDeclaration, TSImportType, TSIndexSignature, TSIndexedAccessType, TSInferType, TSInstantiationExpression, TSInterfaceBody, TSInterfaceDeclaration, TSIntersectionType, TSIntrinsicKeyword, TSLiteralType, TSMappedType, TSMethodSignature, TSModuleBlock, TSModuleDeclaration, TSNamedTupleMember, TSNamespaceExportDeclaration, TSNeverKeyword, TSNonNullExpression, TSNullKeyword, TSNumberKeyword, TSObjectKeyword, TSOptionalType, TSParameterProperty, TSParenthesizedType, TSPropertySignature, TSQualifiedName, TSRestType, TSSatisfiesExpression, TSStringKeyword, TSSymbolKeyword, TSTYPEELEMENT_TYPES, TSTYPE_TYPES, TSTemplateLiteralType, TSThisType, TSTupleType, TSType, TSTypeAliasDeclaration, TSTypeAnnotation, TSTypeAssertion, TSTypeElement, TSTypeLiteral, TSTypeOperator, TSTypeParameter, TSTypeParameterDeclaration, TSTypeParameterInstantiation, TSTypePredicate, TSTypeQuery, TSTypeReference, TSUndefinedKeyword, TSUnionType, TSUnknownKeyword, TSVoidKeyword, TYPES, TYPESCRIPT_TYPES, TaggedTemplateExpression, TemplateElement, TemplateLiteral, Terminatorless, ThisExpression, ThisTypeAnnotation, ThrowStatement, TopicReference, TraversalAncestors, TraversalHandler, TraversalHandlers, TryStatement, TupleExpression, TupleTypeAnnotation, TypeAlias, TypeAnnotation, TypeCastExpression, TypeParameter, TypeParameterDeclaration, TypeParameterInstantiation, TypeScript, TypeofTypeAnnotation, UNARYLIKE_TYPES, UNARY_OPERATORS, UPDATE_OPERATORS, USERWHITESPACABLE_TYPES, UnaryExpression, UnaryLike, UnionTypeAnnotation, UpdateExpression, UserWhitespacable, V8IntrinsicIdentifier, VISITOR_KEYS, VariableDeclaration, VariableDeclarator, Variance, VoidPattern, VoidTypeAnnotation, WHILE_TYPES, While, WhileStatement, WithStatement, YieldExpression, deprecationWarning as __internal__deprecationWarning, addComment, addComments, anyTypeAnnotation, appendToMemberExpression, argumentPlaceholder, arrayExpression, arrayPattern, arrayTypeAnnotation, arrowFunctionExpression, assertAccessor, assertAnyTypeAnnotation, assertArgumentPlaceholder, assertArrayExpression, assertArrayPattern, assertArrayTypeAnnotation, assertArrowFunctionExpression, assertAssignmentExpression, assertAssignmentPattern, assertAwaitExpression, assertBigIntLiteral, assertBinary, assertBinaryExpression, assertBindExpression, assertBlock, assertBlockParent, assertBlockStatement, assertBooleanLiteral, assertBooleanLiteralTypeAnnotation, assertBooleanTypeAnnotation, assertBreakStatement, assertCallExpression, assertCatchClause, assertClass, assertClassAccessorProperty, assertClassBody, assertClassDeclaration, assertClassExpression, assertClassImplements, assertClassMethod, assertClassPrivateMethod, assertClassPrivateProperty, assertClassProperty, assertCompletionStatement, assertConditional, assertConditionalExpression, assertContinueStatement, assertDebuggerStatement, assertDecimalLiteral, assertDeclaration, assertDeclareClass, assertDeclareExportAllDeclaration, assertDeclareExportDeclaration, assertDeclareFunction, assertDeclareInterface, assertDeclareModule, assertDeclareModuleExports, assertDeclareOpaqueType, assertDeclareTypeAlias, assertDeclareVariable, assertDeclaredPredicate, assertDecorator, assertDirective, assertDirectiveLiteral, assertDoExpression, assertDoWhileStatement, assertEmptyStatement, assertEmptyTypeAnnotation, assertEnumBody, assertEnumBooleanBody, assertEnumBooleanMember, assertEnumDeclaration, assertEnumDefaultedMember, assertEnumMember, assertEnumNumberBody, assertEnumNumberMember, assertEnumStringBody, assertEnumStringMember, assertEnumSymbolBody, assertExistsTypeAnnotation, assertExportAllDeclaration, assertExportDeclaration, assertExportDefaultDeclaration, assertExportDefaultSpecifier, assertExportNamedDeclaration, assertExportNamespaceSpecifier, assertExportSpecifier, assertExpression, assertExpressionStatement, assertExpressionWrapper, assertFile, assertFlow, assertFlowBaseAnnotation, assertFlowDeclaration, assertFlowPredicate, assertFlowType, assertFor, assertForInStatement, assertForOfStatement, assertForStatement, assertForXStatement, assertFunction, assertFunctionDeclaration, assertFunctionExpression, assertFunctionParameter, assertFunctionParent, assertFunctionTypeAnnotation, assertFunctionTypeParam, assertGenericTypeAnnotation, assertIdentifier, assertIfStatement, assertImmutable, assertImport, assertImportAttribute, assertImportDeclaration, assertImportDefaultSpecifier, assertImportExpression, assertImportNamespaceSpecifier, assertImportOrExportDeclaration, assertImportSpecifier, assertIndexedAccessType, assertInferredPredicate, assertInterfaceDeclaration, assertInterfaceExtends, assertInterfaceTypeAnnotation, assertInterpreterDirective, assertIntersectionTypeAnnotation, assertJSX, assertJSXAttribute, assertJSXClosingElement, assertJSXClosingFragment, assertJSXElement, assertJSXEmptyExpression, assertJSXExpressionContainer, assertJSXFragment, assertJSXIdentifier, assertJSXMemberExpression, assertJSXNamespacedName, assertJSXOpeningElement, assertJSXOpeningFragment, assertJSXSpreadAttribute, assertJSXSpreadChild, assertJSXText, assertLVal, assertLabeledStatement, assertLiteral, assertLogicalExpression, assertLoop, assertMemberExpression, assertMetaProperty, assertMethod, assertMiscellaneous, assertMixedTypeAnnotation, assertModuleDeclaration, assertModuleExpression, assertModuleSpecifier, assertNewExpression, assertNode, assertNoop, assertNullLiteral, assertNullLiteralTypeAnnotation, assertNullableTypeAnnotation, assertNumberLiteral, assertNumberLiteralTypeAnnotation, assertNumberTypeAnnotation, assertNumericLiteral, assertObjectExpression, assertObjectMember, assertObjectMethod, assertObjectPattern, assertObjectProperty, assertObjectTypeAnnotation, assertObjectTypeCallProperty, assertObjectTypeIndexer, assertObjectTypeInternalSlot, assertObjectTypeProperty, assertObjectTypeSpreadProperty, assertOpaqueType, assertOptionalCallExpression, assertOptionalIndexedAccessType, assertOptionalMemberExpression, assertParenthesizedExpression, assertPattern, assertPatternLike, assertPipelineBareFunction, assertPipelinePrimaryTopicReference, assertPipelineTopicExpression, assertPlaceholder, assertPrivate, assertPrivateName, assertProgram, assertProperty, assertPureish, assertQualifiedTypeIdentifier, assertRecordExpression, assertRegExpLiteral, assertRegexLiteral, assertRestElement, assertRestProperty, assertReturnStatement, assertScopable, assertSequenceExpression, assertSpreadElement, assertSpreadProperty, assertStandardized, assertStatement, assertStaticBlock, assertStringLiteral, assertStringLiteralTypeAnnotation, assertStringTypeAnnotation, assertSuper, assertSwitchCase, assertSwitchStatement, assertSymbolTypeAnnotation, assertTSAnyKeyword, assertTSArrayType, assertTSAsExpression, assertTSBaseType, assertTSBigIntKeyword, assertTSBooleanKeyword, assertTSCallSignatureDeclaration, assertTSConditionalType, assertTSConstructSignatureDeclaration, assertTSConstructorType, assertTSDeclareFunction, assertTSDeclareMethod, assertTSEntityName, assertTSEnumBody, assertTSEnumDeclaration, assertTSEnumMember, assertTSExportAssignment, assertTSExpressionWithTypeArguments, assertTSExternalModuleReference, assertTSFunctionType, assertTSImportEqualsDeclaration, assertTSImportType, assertTSIndexSignature, assertTSIndexedAccessType, assertTSInferType, assertTSInstantiationExpression, assertTSInterfaceBody, assertTSInterfaceDeclaration, assertTSIntersectionType, assertTSIntrinsicKeyword, assertTSLiteralType, assertTSMappedType, assertTSMethodSignature, assertTSModuleBlock, assertTSModuleDeclaration, assertTSNamedTupleMember, assertTSNamespaceExportDeclaration, assertTSNeverKeyword, assertTSNonNullExpression, assertTSNullKeyword, assertTSNumberKeyword, assertTSObjectKeyword, assertTSOptionalType, assertTSParameterProperty, assertTSParenthesizedType, assertTSPropertySignature, assertTSQualifiedName, assertTSRestType, assertTSSatisfiesExpression, assertTSStringKeyword, assertTSSymbolKeyword, assertTSTemplateLiteralType, assertTSThisType, assertTSTupleType, assertTSType, assertTSTypeAliasDeclaration, assertTSTypeAnnotation, assertTSTypeAssertion, assertTSTypeElement, assertTSTypeLiteral, assertTSTypeOperator, assertTSTypeParameter, assertTSTypeParameterDeclaration, assertTSTypeParameterInstantiation, assertTSTypePredicate, assertTSTypeQuery, assertTSTypeReference, assertTSUndefinedKeyword, assertTSUnionType, assertTSUnknownKeyword, assertTSVoidKeyword, assertTaggedTemplateExpression, assertTemplateElement, assertTemplateLiteral, assertTerminatorless, assertThisExpression, assertThisTypeAnnotation, assertThrowStatement, assertTopicReference, assertTryStatement, assertTupleExpression, assertTupleTypeAnnotation, assertTypeAlias, assertTypeAnnotation, assertTypeCastExpression, assertTypeParameter, assertTypeParameterDeclaration, assertTypeParameterInstantiation, assertTypeScript, assertTypeofTypeAnnotation, assertUnaryExpression, assertUnaryLike, assertUnionTypeAnnotation, assertUpdateExpression, assertUserWhitespacable, assertV8IntrinsicIdentifier, assertVariableDeclaration, assertVariableDeclarator, assertVariance, assertVoidPattern, assertVoidTypeAnnotation, assertWhile, assertWhileStatement, assertWithStatement, assertYieldExpression, assignmentExpression, assignmentPattern, awaitExpression, bigIntLiteral, binaryExpression, bindExpression, blockStatement, booleanLiteral, booleanLiteralTypeAnnotation, booleanTypeAnnotation, breakStatement, buildMatchMemberExpression, buildUndefinedNode, callExpression, catchClause, classAccessorProperty, classBody, classDeclaration, classExpression, classImplements, classMethod, classPrivateMethod, classPrivateProperty, classProperty, clone, cloneDeep, cloneDeepWithoutLoc, cloneNode, cloneWithoutLoc, conditionalExpression, continueStatement, createFlowUnionType, createTSUnionType, _default$4 as createTypeAnnotationBasedOnTypeof, createFlowUnionType as createUnionTypeAnnotation, debuggerStatement, decimalLiteral, declareClass, declareExportAllDeclaration, declareExportDeclaration, declareFunction, declareInterface, declareModule, declareModuleExports, declareOpaqueType, declareTypeAlias, declareVariable, declaredPredicate, decorator, directive, directiveLiteral, doExpression, doWhileStatement, emptyStatement, emptyTypeAnnotation, ensureBlock, enumBooleanBody, enumBooleanMember, enumDeclaration, enumDefaultedMember, enumNumberBody, enumNumberMember, enumStringBody, enumStringMember, enumSymbolBody, existsTypeAnnotation, exportAllDeclaration, exportDefaultDeclaration, exportDefaultSpecifier, exportNamedDeclaration, exportNamespaceSpecifier, exportSpecifier, expressionStatement, file, forInStatement, forOfStatement, forStatement, functionDeclaration, functionExpression, functionTypeAnnotation, functionTypeParam, genericTypeAnnotation, getAssignmentIdentifiers, getBindingIdentifiers, getFunctionName, _default as getOuterBindingIdentifiers, identifier, ifStatement, _import as import, importAttribute, importDeclaration, importDefaultSpecifier, importExpression, importNamespaceSpecifier, importSpecifier, indexedAccessType, inferredPredicate, inheritInnerComments, inheritLeadingComments, inheritTrailingComments, inherits, inheritsComments, interfaceDeclaration, interfaceExtends, interfaceTypeAnnotation, interpreterDirective, intersectionTypeAnnotation, is, isAccessor, isAnyTypeAnnotation, isArgumentPlaceholder, isArrayExpression, isArrayPattern, isArrayTypeAnnotation, isArrowFunctionExpression, isAssignmentExpression, isAssignmentPattern, isAwaitExpression, isBigIntLiteral, isBinary, isBinaryExpression, isBindExpression, isBinding, isBlock, isBlockParent, isBlockScoped, isBlockStatement, isBooleanLiteral, isBooleanLiteralTypeAnnotation, isBooleanTypeAnnotation, isBreakStatement, isCallExpression, isCatchClause, isClass, isClassAccessorProperty, isClassBody, isClassDeclaration, isClassExpression, isClassImplements, isClassMethod, isClassPrivateMethod, isClassPrivateProperty, isClassProperty, isCompletionStatement, isConditional, isConditionalExpression, isContinueStatement, isDebuggerStatement, isDecimalLiteral, isDeclaration, isDeclareClass, isDeclareExportAllDeclaration, isDeclareExportDeclaration, isDeclareFunction, isDeclareInterface, isDeclareModule, isDeclareModuleExports, isDeclareOpaqueType, isDeclareTypeAlias, isDeclareVariable, isDeclaredPredicate, isDecorator, isDirective, isDirectiveLiteral, isDoExpression, isDoWhileStatement, isEmptyStatement, isEmptyTypeAnnotation, isEnumBody, isEnumBooleanBody, isEnumBooleanMember, isEnumDeclaration, isEnumDefaultedMember, isEnumMember, isEnumNumberBody, isEnumNumberMember, isEnumStringBody, isEnumStringMember, isEnumSymbolBody, isExistsTypeAnnotation, isExportAllDeclaration, isExportDeclaration, isExportDefaultDeclaration, isExportDefaultSpecifier, isExportNamedDeclaration, isExportNamespaceSpecifier, isExportSpecifier, isExpression, isExpressionStatement, isExpressionWrapper, isFile, isFlow, isFlowBaseAnnotation, isFlowDeclaration, isFlowPredicate, isFlowType, isFor, isForInStatement, isForOfStatement, isForStatement, isForXStatement, isFunction, isFunctionDeclaration, isFunctionExpression, isFunctionParameter, isFunctionParent, isFunctionTypeAnnotation, isFunctionTypeParam, isGenericTypeAnnotation, isIdentifier, isIfStatement, isImmutable, isImport, isImportAttribute, isImportDeclaration, isImportDefaultSpecifier, isImportExpression, isImportNamespaceSpecifier, isImportOrExportDeclaration, isImportSpecifier, isIndexedAccessType, isInferredPredicate, isInterfaceDeclaration, isInterfaceExtends, isInterfaceTypeAnnotation, isInterpreterDirective, isIntersectionTypeAnnotation, isJSX, isJSXAttribute, isJSXClosingElement, isJSXClosingFragment, isJSXElement, isJSXEmptyExpression, isJSXExpressionContainer, isJSXFragment, isJSXIdentifier, isJSXMemberExpression, isJSXNamespacedName, isJSXOpeningElement, isJSXOpeningFragment, isJSXSpreadAttribute, isJSXSpreadChild, isJSXText, isLVal, isLabeledStatement, isLet, isLiteral, isLogicalExpression, isLoop, isMemberExpression, isMetaProperty, isMethod, isMiscellaneous, isMixedTypeAnnotation, isModuleDeclaration, isModuleExpression, isModuleSpecifier, isNewExpression, isNode, isNodesEquivalent, isNoop, isNullLiteral, isNullLiteralTypeAnnotation, isNullableTypeAnnotation, isNumberLiteral, isNumberLiteralTypeAnnotation, isNumberTypeAnnotation, isNumericLiteral, isObjectExpression, isObjectMember, isObjectMethod, isObjectPattern, isObjectProperty, isObjectTypeAnnotation, isObjectTypeCallProperty, isObjectTypeIndexer, isObjectTypeInternalSlot, isObjectTypeProperty, isObjectTypeSpreadProperty, isOpaqueType, isOptionalCallExpression, isOptionalIndexedAccessType, isOptionalMemberExpression, isParenthesizedExpression, isPattern, isPatternLike, isPipelineBareFunction, isPipelinePrimaryTopicReference, isPipelineTopicExpression, isPlaceholder, isPlaceholderType, isPrivate, isPrivateName, isProgram, isProperty, isPureish, isQualifiedTypeIdentifier, isRecordExpression, isReferenced, isRegExpLiteral, isRegexLiteral, isRestElement, isRestProperty, isReturnStatement, isScopable, isScope, isSequenceExpression, isSpecifierDefault, isSpreadElement, isSpreadProperty, isStandardized, isStatement, isStaticBlock, isStringLiteral, isStringLiteralTypeAnnotation, isStringTypeAnnotation, isSuper, isSwitchCase, isSwitchStatement, isSymbolTypeAnnotation, isTSAnyKeyword, isTSArrayType, isTSAsExpression, isTSBaseType, isTSBigIntKeyword, isTSBooleanKeyword, isTSCallSignatureDeclaration, isTSConditionalType, isTSConstructSignatureDeclaration, isTSConstructorType, isTSDeclareFunction, isTSDeclareMethod, isTSEntityName, isTSEnumBody, isTSEnumDeclaration, isTSEnumMember, isTSExportAssignment, isTSExpressionWithTypeArguments, isTSExternalModuleReference, isTSFunctionType, isTSImportEqualsDeclaration, isTSImportType, isTSIndexSignature, isTSIndexedAccessType, isTSInferType, isTSInstantiationExpression, isTSInterfaceBody, isTSInterfaceDeclaration, isTSIntersectionType, isTSIntrinsicKeyword, isTSLiteralType, isTSMappedType, isTSMethodSignature, isTSModuleBlock, isTSModuleDeclaration, isTSNamedTupleMember, isTSNamespaceExportDeclaration, isTSNeverKeyword, isTSNonNullExpression, isTSNullKeyword, isTSNumberKeyword, isTSObjectKeyword, isTSOptionalType, isTSParameterProperty, isTSParenthesizedType, isTSPropertySignature, isTSQualifiedName, isTSRestType, isTSSatisfiesExpression, isTSStringKeyword, isTSSymbolKeyword, isTSTemplateLiteralType, isTSThisType, isTSTupleType, isTSType, isTSTypeAliasDeclaration, isTSTypeAnnotation, isTSTypeAssertion, isTSTypeElement, isTSTypeLiteral, isTSTypeOperator, isTSTypeParameter, isTSTypeParameterDeclaration, isTSTypeParameterInstantiation, isTSTypePredicate, isTSTypeQuery, isTSTypeReference, isTSUndefinedKeyword, isTSUnionType, isTSUnknownKeyword, isTSVoidKeyword, isTaggedTemplateExpression, isTemplateElement, isTemplateLiteral, isTerminatorless, isThisExpression, isThisTypeAnnotation, isThrowStatement, isTopicReference, isTryStatement, isTupleExpression, isTupleTypeAnnotation, isType, isTypeAlias, isTypeAnnotation, isTypeCastExpression, isTypeParameter, isTypeParameterDeclaration, isTypeParameterInstantiation, isTypeScript, isTypeofTypeAnnotation, isUnaryExpression, isUnaryLike, isUnionTypeAnnotation, isUpdateExpression, isUserWhitespacable, isV8IntrinsicIdentifier, isValidES3Identifier, isValidIdentifier, isVar, isVariableDeclaration, isVariableDeclarator, isVariance, isVoidPattern, isVoidTypeAnnotation, isWhile, isWhileStatement, isWithStatement, isYieldExpression, jsxAttribute as jSXAttribute, jsxClosingElement as jSXClosingElement, jsxClosingFragment as jSXClosingFragment, jsxElement as jSXElement, jsxEmptyExpression as jSXEmptyExpression, jsxExpressionContainer as jSXExpressionContainer, jsxFragment as jSXFragment, jsxIdentifier as jSXIdentifier, jsxMemberExpression as jSXMemberExpression, jsxNamespacedName as jSXNamespacedName, jsxOpeningElement as jSXOpeningElement, jsxOpeningFragment as jSXOpeningFragment, jsxSpreadAttribute as jSXSpreadAttribute, jsxSpreadChild as jSXSpreadChild, jsxText as jSXText, jsxAttribute, jsxClosingElement, jsxClosingFragment, jsxElement, jsxEmptyExpression, jsxExpressionContainer, jsxFragment, jsxIdentifier, jsxMemberExpression, jsxNamespacedName, jsxOpeningElement, jsxOpeningFragment, jsxSpreadAttribute, jsxSpreadChild, jsxText, labeledStatement, logicalExpression, matchesPattern, memberExpression, metaProperty, mixedTypeAnnotation, moduleExpression, newExpression, noop, nullLiteral, nullLiteralTypeAnnotation, nullableTypeAnnotation, NumberLiteral as numberLiteral, numberLiteralTypeAnnotation, numberTypeAnnotation, numericLiteral, objectExpression, objectMethod, objectPattern, objectProperty, objectTypeAnnotation, objectTypeCallProperty, objectTypeIndexer, objectTypeInternalSlot, objectTypeProperty, objectTypeSpreadProperty, opaqueType, optionalCallExpression, optionalIndexedAccessType, optionalMemberExpression, parenthesizedExpression, pipelineBareFunction, pipelinePrimaryTopicReference, pipelineTopicExpression, placeholder, prependToMemberExpression, privateName, program, qualifiedTypeIdentifier, react, recordExpression, regExpLiteral, RegexLiteral as regexLiteral, removeComments, removeProperties, removePropertiesDeep, removeTypeDuplicates, restElement, RestProperty as restProperty, returnStatement, sequenceExpression, shallowEqual, spreadElement, SpreadProperty as spreadProperty, staticBlock, stringLiteral, stringLiteralTypeAnnotation, stringTypeAnnotation, _super as super, switchCase, switchStatement, symbolTypeAnnotation, tsAnyKeyword as tSAnyKeyword, tsArrayType as tSArrayType, tsAsExpression as tSAsExpression, tsBigIntKeyword as tSBigIntKeyword, tsBooleanKeyword as tSBooleanKeyword, tsCallSignatureDeclaration as tSCallSignatureDeclaration, tsConditionalType as tSConditionalType, tsConstructSignatureDeclaration as tSConstructSignatureDeclaration, tsConstructorType as tSConstructorType, tsDeclareFunction as tSDeclareFunction, tsDeclareMethod as tSDeclareMethod, tsEnumBody as tSEnumBody, tsEnumDeclaration as tSEnumDeclaration, tsEnumMember as tSEnumMember, tsExportAssignment as tSExportAssignment, tsExpressionWithTypeArguments as tSExpressionWithTypeArguments, tsExternalModuleReference as tSExternalModuleReference, tsFunctionType as tSFunctionType, tsImportEqualsDeclaration as tSImportEqualsDeclaration, tsImportType as tSImportType, tsIndexSignature as tSIndexSignature, tsIndexedAccessType as tSIndexedAccessType, tsInferType as tSInferType, tsInstantiationExpression as tSInstantiationExpression, tsInterfaceBody as tSInterfaceBody, tsInterfaceDeclaration as tSInterfaceDeclaration, tsIntersectionType as tSIntersectionType, tsIntrinsicKeyword as tSIntrinsicKeyword, tsLiteralType as tSLiteralType, tsMappedType as tSMappedType, tsMethodSignature as tSMethodSignature, tsModuleBlock as tSModuleBlock, tsModuleDeclaration as tSModuleDeclaration, tsNamedTupleMember as tSNamedTupleMember, tsNamespaceExportDeclaration as tSNamespaceExportDeclaration, tsNeverKeyword as tSNeverKeyword, tsNonNullExpression as tSNonNullExpression, tsNullKeyword as tSNullKeyword, tsNumberKeyword as tSNumberKeyword, tsObjectKeyword as tSObjectKeyword, tsOptionalType as tSOptionalType, tsParameterProperty as tSParameterProperty, tsParenthesizedType as tSParenthesizedType, tsPropertySignature as tSPropertySignature, tsQualifiedName as tSQualifiedName, tsRestType as tSRestType, tsSatisfiesExpression as tSSatisfiesExpression, tsStringKeyword as tSStringKeyword, tsSymbolKeyword as tSSymbolKeyword, tsTemplateLiteralType as tSTemplateLiteralType, tsThisType as tSThisType, tsTupleType as tSTupleType, tsTypeAliasDeclaration as tSTypeAliasDeclaration, tsTypeAnnotation as tSTypeAnnotation, tsTypeAssertion as tSTypeAssertion, tsTypeLiteral as tSTypeLiteral, tsTypeOperator as tSTypeOperator, tsTypeParameter as tSTypeParameter, tsTypeParameterDeclaration as tSTypeParameterDeclaration, tsTypeParameterInstantiation as tSTypeParameterInstantiation, tsTypePredicate as tSTypePredicate, tsTypeQuery as tSTypeQuery, tsTypeReference as tSTypeReference, tsUndefinedKeyword as tSUndefinedKeyword, tsUnionType as tSUnionType, tsUnknownKeyword as tSUnknownKeyword, tsVoidKeyword as tSVoidKeyword, taggedTemplateExpression, templateElement, templateLiteral, thisExpression, thisTypeAnnotation, throwStatement, toBindingIdentifierName, toBlock, toComputedKey, _default$3 as toExpression, toIdentifier, toKeyAlias, _default$2 as toStatement, topicReference, traverse, traverseFast, tryStatement, tsAnyKeyword, tsArrayType, tsAsExpression, tsBigIntKeyword, tsBooleanKeyword, tsCallSignatureDeclaration, tsConditionalType, tsConstructSignatureDeclaration, tsConstructorType, tsDeclareFunction, tsDeclareMethod, tsEnumBody, tsEnumDeclaration, tsEnumMember, tsExportAssignment, tsExpressionWithTypeArguments, tsExternalModuleReference, tsFunctionType, tsImportEqualsDeclaration, tsImportType, tsIndexSignature, tsIndexedAccessType, tsInferType, tsInstantiationExpression, tsInterfaceBody, tsInterfaceDeclaration, tsIntersectionType, tsIntrinsicKeyword, tsLiteralType, tsMappedType, tsMethodSignature, tsModuleBlock, tsModuleDeclaration, tsNamedTupleMember, tsNamespaceExportDeclaration, tsNeverKeyword, tsNonNullExpression, tsNullKeyword, tsNumberKeyword, tsObjectKeyword, tsOptionalType, tsParameterProperty, tsParenthesizedType, tsPropertySignature, tsQualifiedName, tsRestType, tsSatisfiesExpression, tsStringKeyword, tsSymbolKeyword, tsTemplateLiteralType, tsThisType, tsTupleType, tsTypeAliasDeclaration, tsTypeAnnotation, tsTypeAssertion, tsTypeLiteral, tsTypeOperator, tsTypeParameter, tsTypeParameterDeclaration, tsTypeParameterInstantiation, tsTypePredicate, tsTypeQuery, tsTypeReference, tsUndefinedKeyword, tsUnionType, tsUnknownKeyword, tsVoidKeyword, tupleExpression, tupleTypeAnnotation, typeAlias, typeAnnotation, typeCastExpression, typeParameter, typeParameterDeclaration, typeParameterInstantiation, typeofTypeAnnotation, unaryExpression, unionTypeAnnotation, updateExpression, v8IntrinsicIdentifier, validate, _default$1 as valueToNode, variableDeclaration, variableDeclarator, variance, voidPattern, voidTypeAnnotation, whileStatement, withStatement, yieldExpression };	export { ACCESSOR_TYPES, ALIAS_KEYS, ASSIGNMENT_OPERATORS, Accessor, Aliases, AnyTypeAnnotation, ArgumentPlaceholder, ArrayExpression, ArrayPattern, ArrayTypeAnnotation, ArrowFunctionExpression, AssignmentExpression, AssignmentPattern, AwaitExpression, BINARY_OPERATORS, BINARY_TYPES, BLOCKPARENT_TYPES, BLOCK_TYPES, BOOLEAN_BINARY_OPERATORS, BOOLEAN_NUMBER_BINARY_OPERATORS, BOOLEAN_UNARY_OPERATORS, BUILDER_KEYS, BigIntLiteral, Binary, BinaryExpression, BindExpression, Block, BlockParent, BlockStatement, BooleanLiteral, BooleanLiteralTypeAnnotation, BooleanTypeAnnotation, BreakStatement, CLASS_TYPES, COMMENT_KEYS, COMPARISON_BINARY_OPERATORS, COMPLETIONSTATEMENT_TYPES, CONDITIONAL_TYPES, CallExpression, CatchClause, Class, ClassAccessorProperty, ClassBody, ClassDeclaration, ClassExpression, ClassImplements, ClassMethod, ClassPrivateMethod, ClassPrivateProperty, ClassProperty, Comment, CommentBlock, CommentLine, CommentTypeShorthand, CompletionStatement, Conditional, ConditionalExpression, ContinueStatement, DECLARATION_TYPES, DEPRECATED_ALIASES, DEPRECATED_KEYS, DebuggerStatement, DecimalLiteral, Declaration, DeclareClass, DeclareExportAllDeclaration, DeclareExportDeclaration, DeclareFunction, DeclareInterface, DeclareModule, DeclareModuleExports, DeclareOpaqueType, DeclareTypeAlias, DeclareVariable, DeclaredPredicate, Decorator, DeprecatedAliases, Directive, DirectiveLiteral, DoExpression, DoWhileStatement, ENUMBODY_TYPES, ENUMMEMBER_TYPES, EQUALITY_BINARY_OPERATORS, EXPORTDECLARATION_TYPES, EXPRESSIONWRAPPER_TYPES, EXPRESSION_TYPES, EmptyStatement, EmptyTypeAnnotation, EnumBody, EnumBooleanBody, EnumBooleanMember, EnumDeclaration, EnumDefaultedMember, EnumMember, EnumNumberBody, EnumNumberMember, EnumStringBody, EnumStringMember, EnumSymbolBody, ExistsTypeAnnotation, ExportAllDeclaration, ExportDeclaration, ExportDefaultDeclaration, ExportDefaultSpecifier, ExportNamedDeclaration, ExportNamespaceSpecifier, ExportSpecifier, Expression, ExpressionStatement, ExpressionWrapper, FLATTENABLE_KEYS, FLIPPED_ALIAS_KEYS, FLOWBASEANNOTATION_TYPES, FLOWDECLARATION_TYPES, FLOWPREDICATE_TYPES, FLOWTYPE_TYPES, FLOW_TYPES, FORXSTATEMENT_TYPES, FOR_INIT_KEYS, FOR_TYPES, FUNCTIONPARAMETER_TYPES, FUNCTIONPARENT_TYPES, FUNCTION_TYPES, FieldOptions, File, Flow, FlowBaseAnnotation, FlowDeclaration, FlowPredicate, FlowType, For, ForInStatement, ForOfStatement, ForStatement, ForXStatement, Function, FunctionDeclaration, FunctionExpression, FunctionParameter, FunctionParent, FunctionTypeAnnotation, FunctionTypeParam, GenericTypeAnnotation, IMMUTABLE_TYPES, IMPORTOREXPORTDECLARATION_TYPES, INHERIT_KEYS, Identifier, IfStatement, Immutable, Import, ImportAttribute, ImportDeclaration, ImportDefaultSpecifier, ImportExpression, ImportNamespaceSpecifier, ImportOrExportDeclaration, ImportSpecifier, IndexedAccessType, InferredPredicate, InterfaceDeclaration, InterfaceExtends, InterfaceTypeAnnotation, InterpreterDirective, IntersectionTypeAnnotation, JSX, JSXAttribute, JSXClosingElement, JSXClosingFragment, JSXElement, JSXEmptyExpression, JSXExpressionContainer, JSXFragment, JSXIdentifier, JSXMemberExpression, JSXNamespacedName, JSXOpeningElement, JSXOpeningFragment, JSXSpreadAttribute, JSXSpreadChild, JSXText, JSX_TYPES, LITERAL_TYPES, LOGICAL_OPERATORS, LOOP_TYPES, LVAL_TYPES, LVal, LabeledStatement, Literal, LogicalExpression, Loop, METHOD_TYPES, MISCELLANEOUS_TYPES, MODULEDECLARATION_TYPES, MODULESPECIFIER_TYPES, MemberExpression, MetaProperty, Method, Miscellaneous, MixedTypeAnnotation, ModuleDeclaration, ModuleExpression, ModuleSpecifier, NODE_FIELDS, NODE_PARENT_VALIDATIONS, NUMBER_BINARY_OPERATORS, NUMBER_UNARY_OPERATORS, NewExpression, Node, Noop, NullLiteral, NullLiteralTypeAnnotation, NullableTypeAnnotation, NumberLiteral$1 as NumberLiteral, NumberLiteralTypeAnnotation, NumberTypeAnnotation, NumericLiteral, OBJECTMEMBER_TYPES, ObjectExpression, ObjectMember, ObjectMethod, ObjectPattern, ObjectProperty, ObjectTypeAnnotation, ObjectTypeCallProperty, ObjectTypeIndexer, ObjectTypeInternalSlot, ObjectTypeProperty, ObjectTypeSpreadProperty, OpaqueType, OptionalCallExpression, OptionalIndexedAccessType, OptionalMemberExpression, PATTERNLIKE_TYPES, PATTERN_TYPES, PLACEHOLDERS, PLACEHOLDERS_ALIAS, PLACEHOLDERS_FLIPPED_ALIAS, PRIVATE_TYPES, PROPERTY_TYPES, PUREISH_TYPES, ParentMaps, ParenthesizedExpression, Pattern, PatternLike, PipelineBareFunction, PipelinePrimaryTopicReference, PipelineTopicExpression, Placeholder, Private, PrivateName, Program, Property, Pureish, QualifiedTypeIdentifier, RecordExpression, RegExpLiteral, RegexLiteral$1 as RegexLiteral, Options$1 as RemovePropertiesOptions, RestElement, RestProperty$1 as RestProperty, ReturnStatement, SCOPABLE_TYPES, STANDARDIZED_TYPES, STATEMENT_OR_BLOCK_KEYS, STATEMENT_TYPES, STRING_UNARY_OPERATORS, Scopable, SequenceExpression, SourceLocation, SpreadElement, SpreadProperty$1 as SpreadProperty, Standardized, Statement, StaticBlock, StringLiteral, StringLiteralTypeAnnotation, StringTypeAnnotation, Super, SwitchCase, SwitchStatement, SymbolTypeAnnotation, TERMINATORLESS_TYPES, TSAnyKeyword, TSArrayType, TSAsExpression, TSBASETYPE_TYPES, TSBaseType, TSBigIntKeyword, TSBooleanKeyword, TSCallSignatureDeclaration, TSConditionalType, TSConstructSignatureDeclaration, TSConstructorType, TSDeclareFunction, TSDeclareMethod, TSENTITYNAME_TYPES, TSEntityName, TSEnumBody, TSEnumDeclaration, TSEnumMember, TSExportAssignment, TSExpressionWithTypeArguments, TSExternalModuleReference, TSFunctionType, TSImportEqualsDeclaration, TSImportType, TSIndexSignature, TSIndexedAccessType, TSInferType, TSInstantiationExpression, TSInterfaceBody, TSInterfaceDeclaration, TSIntersectionType, TSIntrinsicKeyword, TSLiteralType, TSMappedType, TSMethodSignature, TSModuleBlock, TSModuleDeclaration, TSNamedTupleMember, TSNamespaceExportDeclaration, TSNeverKeyword, TSNonNullExpression, TSNullKeyword, TSNumberKeyword, TSObjectKeyword, TSOptionalType, TSParameterProperty, TSParenthesizedType, TSPropertySignature, TSQualifiedName, TSRestType, TSSatisfiesExpression, TSStringKeyword, TSSymbolKeyword, TSTYPEELEMENT_TYPES, TSTYPE_TYPES, TSTemplateLiteralType, TSThisType, TSTupleType, TSType, TSTypeAliasDeclaration, TSTypeAnnotation, TSTypeAssertion, TSTypeElement, TSTypeLiteral, TSTypeOperator, TSTypeParameter, TSTypeParameterDeclaration, TSTypeParameterInstantiation, TSTypePredicate, TSTypeQuery, TSTypeReference, TSUndefinedKeyword, TSUnionType, TSUnknownKeyword, TSVoidKeyword, TYPES, TYPESCRIPT_TYPES, TaggedTemplateExpression, TemplateElement, TemplateLiteral, Terminatorless, ThisExpression, ThisTypeAnnotation, ThrowStatement, TopicReference, TraversalAncestors, TraversalHandler, TraversalHandlers, TryStatement, TupleExpression, TupleTypeAnnotation, TypeAlias, TypeAnnotation, TypeCastExpression, TypeParameter, TypeParameterDeclaration, TypeParameterInstantiation, TypeScript, TypeofTypeAnnotation, UNARYLIKE_TYPES, UNARY_OPERATORS, UPDATE_OPERATORS, USERWHITESPACABLE_TYPES, UnaryExpression, UnaryLike, UnionTypeAnnotation, UpdateExpression, UserWhitespacable, V8IntrinsicIdentifier, VISITOR_KEYS, VariableDeclaration, VariableDeclarator, Variance, VoidPattern, VoidTypeAnnotation, WHILE_TYPES, While, WhileStatement, WithStatement, YieldExpression, deprecationWarning as __internal__deprecationWarning, addComment, addComments, anyTypeAnnotation, appendToMemberExpression, argumentPlaceholder, arrayExpression, arrayPattern, arrayTypeAnnotation, arrowFunctionExpression, assertAccessor, assertAnyTypeAnnotation, assertArgumentPlaceholder, assertArrayExpression, assertArrayPattern, assertArrayTypeAnnotation, assertArrowFunctionExpression, assertAssignmentExpression, assertAssignmentPattern, assertAwaitExpression, assertBigIntLiteral, assertBinary, assertBinaryExpression, assertBindExpression, assertBlock, assertBlockParent, assertBlockStatement, assertBooleanLiteral, assertBooleanLiteralTypeAnnotation, assertBooleanTypeAnnotation, assertBreakStatement, assertCallExpression, assertCatchClause, assertClass, assertClassAccessorProperty, assertClassBody, assertClassDeclaration, assertClassExpression, assertClassImplements, assertClassMethod, assertClassPrivateMethod, assertClassPrivateProperty, assertClassProperty, assertCompletionStatement, assertConditional, assertConditionalExpression, assertContinueStatement, assertDebuggerStatement, assertDecimalLiteral, assertDeclaration, assertDeclareClass, assertDeclareExportAllDeclaration, assertDeclareExportDeclaration, assertDeclareFunction, assertDeclareInterface, assertDeclareModule, assertDeclareModuleExports, assertDeclareOpaqueType, assertDeclareTypeAlias, assertDeclareVariable, assertDeclaredPredicate, assertDecorator, assertDirective, assertDirectiveLiteral, assertDoExpression, assertDoWhileStatement, assertEmptyStatement, assertEmptyTypeAnnotation, assertEnumBody, assertEnumBooleanBody, assertEnumBooleanMember, assertEnumDeclaration, assertEnumDefaultedMember, assertEnumMember, assertEnumNumberBody, assertEnumNumberMember, assertEnumStringBody, assertEnumStringMember, assertEnumSymbolBody, assertExistsTypeAnnotation, assertExportAllDeclaration, assertExportDeclaration, assertExportDefaultDeclaration, assertExportDefaultSpecifier, assertExportNamedDeclaration, assertExportNamespaceSpecifier, assertExportSpecifier, assertExpression, assertExpressionStatement, assertExpressionWrapper, assertFile, assertFlow, assertFlowBaseAnnotation, assertFlowDeclaration, assertFlowPredicate, assertFlowType, assertFor, assertForInStatement, assertForOfStatement, assertForStatement, assertForXStatement, assertFunction, assertFunctionDeclaration, assertFunctionExpression, assertFunctionParameter, assertFunctionParent, assertFunctionTypeAnnotation, assertFunctionTypeParam, assertGenericTypeAnnotation, assertIdentifier, assertIfStatement, assertImmutable, assertImport, assertImportAttribute, assertImportDeclaration, assertImportDefaultSpecifier, assertImportExpression, assertImportNamespaceSpecifier, assertImportOrExportDeclaration, assertImportSpecifier, assertIndexedAccessType, assertInferredPredicate, assertInterfaceDeclaration, assertInterfaceExtends, assertInterfaceTypeAnnotation, assertInterpreterDirective, assertIntersectionTypeAnnotation, assertJSX, assertJSXAttribute, assertJSXClosingElement, assertJSXClosingFragment, assertJSXElement, assertJSXEmptyExpression, assertJSXExpressionContainer, assertJSXFragment, assertJSXIdentifier, assertJSXMemberExpression, assertJSXNamespacedName, assertJSXOpeningElement, assertJSXOpeningFragment, assertJSXSpreadAttribute, assertJSXSpreadChild, assertJSXText, assertLVal, assertLabeledStatement, assertLiteral, assertLogicalExpression, assertLoop, assertMemberExpression, assertMetaProperty, assertMethod, assertMiscellaneous, assertMixedTypeAnnotation, assertModuleDeclaration, assertModuleExpression, assertModuleSpecifier, assertNewExpression, assertNode, assertNoop, assertNullLiteral, assertNullLiteralTypeAnnotation, assertNullableTypeAnnotation, assertNumberLiteral, assertNumberLiteralTypeAnnotation, assertNumberTypeAnnotation, assertNumericLiteral, assertObjectExpression, assertObjectMember, assertObjectMethod, assertObjectPattern, assertObjectProperty, assertObjectTypeAnnotation, assertObjectTypeCallProperty, assertObjectTypeIndexer, assertObjectTypeInternalSlot, assertObjectTypeProperty, assertObjectTypeSpreadProperty, assertOpaqueType, assertOptionalCallExpression, assertOptionalIndexedAccessType, assertOptionalMemberExpression, assertParenthesizedExpression, assertPattern, assertPatternLike, assertPipelineBareFunction, assertPipelinePrimaryTopicReference, assertPipelineTopicExpression, assertPlaceholder, assertPrivate, assertPrivateName, assertProgram, assertProperty, assertPureish, assertQualifiedTypeIdentifier, assertRecordExpression, assertRegExpLiteral, assertRegexLiteral, assertRestElement, assertRestProperty, assertReturnStatement, assertScopable, assertSequenceExpression, assertSpreadElement, assertSpreadProperty, assertStandardized, assertStatement, assertStaticBlock, assertStringLiteral, assertStringLiteralTypeAnnotation, assertStringTypeAnnotation, assertSuper, assertSwitchCase, assertSwitchStatement, assertSymbolTypeAnnotation, assertTSAnyKeyword, assertTSArrayType, assertTSAsExpression, assertTSBaseType, assertTSBigIntKeyword, assertTSBooleanKeyword, assertTSCallSignatureDeclaration, assertTSConditionalType, assertTSConstructSignatureDeclaration, assertTSConstructorType, assertTSDeclareFunction, assertTSDeclareMethod, assertTSEntityName, assertTSEnumBody, assertTSEnumDeclaration, assertTSEnumMember, assertTSExportAssignment, assertTSExpressionWithTypeArguments, assertTSExternalModuleReference, assertTSFunctionType, assertTSImportEqualsDeclaration, assertTSImportType, assertTSIndexSignature, assertTSIndexedAccessType, assertTSInferType, assertTSInstantiationExpression, assertTSInterfaceBody, assertTSInterfaceDeclaration, assertTSIntersectionType, assertTSIntrinsicKeyword, assertTSLiteralType, assertTSMappedType, assertTSMethodSignature, assertTSModuleBlock, assertTSModuleDeclaration, assertTSNamedTupleMember, assertTSNamespaceExportDeclaration, assertTSNeverKeyword, assertTSNonNullExpression, assertTSNullKeyword, assertTSNumberKeyword, assertTSObjectKeyword, assertTSOptionalType, assertTSParameterProperty, assertTSParenthesizedType, assertTSPropertySignature, assertTSQualifiedName, assertTSRestType, assertTSSatisfiesExpression, assertTSStringKeyword, assertTSSymbolKeyword, assertTSTemplateLiteralType, assertTSThisType, assertTSTupleType, assertTSType, assertTSTypeAliasDeclaration, assertTSTypeAnnotation, assertTSTypeAssertion, assertTSTypeElement, assertTSTypeLiteral, assertTSTypeOperator, assertTSTypeParameter, assertTSTypeParameterDeclaration, assertTSTypeParameterInstantiation, assertTSTypePredicate, assertTSTypeQuery, assertTSTypeReference, assertTSUndefinedKeyword, assertTSUnionType, assertTSUnknownKeyword, assertTSVoidKeyword, assertTaggedTemplateExpression, assertTemplateElement, assertTemplateLiteral, assertTerminatorless, assertThisExpression, assertThisTypeAnnotation, assertThrowStatement, assertTopicReference, assertTryStatement, assertTupleExpression, assertTupleTypeAnnotation, assertTypeAlias, assertTypeAnnotation, assertTypeCastExpression, assertTypeParameter, assertTypeParameterDeclaration, assertTypeParameterInstantiation, assertTypeScript, assertTypeofTypeAnnotation, assertUnaryExpression, assertUnaryLike, assertUnionTypeAnnotation, assertUpdateExpression, assertUserWhitespacable, assertV8IntrinsicIdentifier, assertVariableDeclaration, assertVariableDeclarator, assertVariance, assertVoidPattern, assertVoidTypeAnnotation, assertWhile, assertWhileStatement, assertWithStatement, assertYieldExpression, assignmentExpression, assignmentPattern, awaitExpression, bigIntLiteral, binaryExpression, bindExpression, blockStatement, booleanLiteral, booleanLiteralTypeAnnotation, booleanTypeAnnotation, breakStatement, buildMatchMemberExpression, buildUndefinedNode, callExpression, catchClause, classAccessorProperty, classBody, classDeclaration, classExpression, classImplements, classMethod, classPrivateMethod, classPrivateProperty, classProperty, clone, cloneDeep, cloneDeepWithoutLoc, cloneNode, cloneWithoutLoc, conditionalExpression, continueStatement, createFlowUnionType, createTSUnionType, _default$4 as createTypeAnnotationBasedOnTypeof, createFlowUnionType as createUnionTypeAnnotation, debuggerStatement, decimalLiteral, declareClass, declareExportAllDeclaration, declareExportDeclaration, declareFunction, declareInterface, declareModule, declareModuleExports, declareOpaqueType, declareTypeAlias, declareVariable, declaredPredicate, decorator, directive, directiveLiteral, doExpression, doWhileStatement, emptyStatement, emptyTypeAnnotation, ensureBlock, enumBooleanBody, enumBooleanMember, enumDeclaration, enumDefaultedMember, enumNumberBody, enumNumberMember, enumStringBody, enumStringMember, enumSymbolBody, existsTypeAnnotation, exportAllDeclaration, exportDefaultDeclaration, exportDefaultSpecifier, exportNamedDeclaration, exportNamespaceSpecifier, exportSpecifier, expressionStatement, file, forInStatement, forOfStatement, forStatement, functionDeclaration, functionExpression, functionTypeAnnotation, functionTypeParam, genericTypeAnnotation, getAssignmentIdentifiers, getBindingIdentifiers, getFunctionName, _default as getOuterBindingIdentifiers, identifier, ifStatement, _import as import, importAttribute, importDeclaration, importDefaultSpecifier, importExpression, importNamespaceSpecifier, importSpecifier, indexedAccessType, inferredPredicate, inheritInnerComments, inheritLeadingComments, inheritTrailingComments, inherits, inheritsComments, interfaceDeclaration, interfaceExtends, interfaceTypeAnnotation, interpreterDirective, intersectionTypeAnnotation, is, isAccessor, isAnyTypeAnnotation, isArgumentPlaceholder, isArrayExpression, isArrayPattern, isArrayTypeAnnotation, isArrowFunctionExpression, isAssignmentExpression, isAssignmentPattern, isAwaitExpression, isBigIntLiteral, isBinary, isBinaryExpression, isBindExpression, isBinding, isBlock, isBlockParent, isBlockScoped, isBlockStatement, isBooleanLiteral, isBooleanLiteralTypeAnnotation, isBooleanTypeAnnotation, isBreakStatement, isCallExpression, isCatchClause, isClass, isClassAccessorProperty, isClassBody, isClassDeclaration, isClassExpression, isClassImplements, isClassMethod, isClassPrivateMethod, isClassPrivateProperty, isClassProperty, isCompletionStatement, isConditional, isConditionalExpression, isContinueStatement, isDebuggerStatement, isDecimalLiteral, isDeclaration, isDeclareClass, isDeclareExportAllDeclaration, isDeclareExportDeclaration, isDeclareFunction, isDeclareInterface, isDeclareModule, isDeclareModuleExports, isDeclareOpaqueType, isDeclareTypeAlias, isDeclareVariable, isDeclaredPredicate, isDecorator, isDirective, isDirectiveLiteral, isDoExpression, isDoWhileStatement, isEmptyStatement, isEmptyTypeAnnotation, isEnumBody, isEnumBooleanBody, isEnumBooleanMember, isEnumDeclaration, isEnumDefaultedMember, isEnumMember, isEnumNumberBody, isEnumNumberMember, isEnumStringBody, isEnumStringMember, isEnumSymbolBody, isExistsTypeAnnotation, isExportAllDeclaration, isExportDeclaration, isExportDefaultDeclaration, isExportDefaultSpecifier, isExportNamedDeclaration, isExportNamespaceSpecifier, isExportSpecifier, isExpression, isExpressionStatement, isExpressionWrapper, isFile, isFlow, isFlowBaseAnnotation, isFlowDeclaration, isFlowPredicate, isFlowType, isFor, isForInStatement, isForOfStatement, isForStatement, isForXStatement, isFunction, isFunctionDeclaration, isFunctionExpression, isFunctionParameter, isFunctionParent, isFunctionTypeAnnotation, isFunctionTypeParam, isGenericTypeAnnotation, isIdentifier, isIfStatement, isImmutable, isImport, isImportAttribute, isImportDeclaration, isImportDefaultSpecifier, isImportExpression, isImportNamespaceSpecifier, isImportOrExportDeclaration, isImportSpecifier, isIndexedAccessType, isInferredPredicate, isInterfaceDeclaration, isInterfaceExtends, isInterfaceTypeAnnotation, isInterpreterDirective, isIntersectionTypeAnnotation, isJSX, isJSXAttribute, isJSXClosingElement, isJSXClosingFragment, isJSXElement, isJSXEmptyExpression, isJSXExpressionContainer, isJSXFragment, isJSXIdentifier, isJSXMemberExpression, isJSXNamespacedName, isJSXOpeningElement, isJSXOpeningFragment, isJSXSpreadAttribute, isJSXSpreadChild, isJSXText, isLVal, isLabeledStatement, isLet, isLiteral, isLogicalExpression, isLoop, isMemberExpression, isMetaProperty, isMethod, isMiscellaneous, isMixedTypeAnnotation, isModuleDeclaration, isModuleExpression, isModuleSpecifier, isNewExpression, isNode, isNodesEquivalent, isNoop, isNullLiteral, isNullLiteralTypeAnnotation, isNullableTypeAnnotation, isNumberLiteral, isNumberLiteralTypeAnnotation, isNumberTypeAnnotation, isNumericLiteral, isObjectExpression, isObjectMember, isObjectMethod, isObjectPattern, isObjectProperty, isObjectTypeAnnotation, isObjectTypeCallProperty, isObjectTypeIndexer, isObjectTypeInternalSlot, isObjectTypeProperty, isObjectTypeSpreadProperty, isOpaqueType, isOptionalCallExpression, isOptionalIndexedAccessType, isOptionalMemberExpression, isParenthesizedExpression, isPattern, isPatternLike, isPipelineBareFunction, isPipelinePrimaryTopicReference, isPipelineTopicExpression, isPlaceholder, isPlaceholderType, isPrivate, isPrivateName, isProgram, isProperty, isPureish, isQualifiedTypeIdentifier, isRecordExpression, isReferenced, isRegExpLiteral, isRegexLiteral, isRestElement, isRestProperty, isReturnStatement, isScopable, isScope, isSequenceExpression, isSpecifierDefault, isSpreadElement, isSpreadProperty, isStandardized, isStatement, isStaticBlock, isStringLiteral, isStringLiteralTypeAnnotation, isStringTypeAnnotation, isSuper, isSwitchCase, isSwitchStatement, isSymbolTypeAnnotation, isTSAnyKeyword, isTSArrayType, isTSAsExpression, isTSBaseType, isTSBigIntKeyword, isTSBooleanKeyword, isTSCallSignatureDeclaration, isTSConditionalType, isTSConstructSignatureDeclaration, isTSConstructorType, isTSDeclareFunction, isTSDeclareMethod, isTSEntityName, isTSEnumBody, isTSEnumDeclaration, isTSEnumMember, isTSExportAssignment, isTSExpressionWithTypeArguments, isTSExternalModuleReference, isTSFunctionType, isTSImportEqualsDeclaration, isTSImportType, isTSIndexSignature, isTSIndexedAccessType, isTSInferType, isTSInstantiationExpression, isTSInterfaceBody, isTSInterfaceDeclaration, isTSIntersectionType, isTSIntrinsicKeyword, isTSLiteralType, isTSMappedType, isTSMethodSignature, isTSModuleBlock, isTSModuleDeclaration, isTSNamedTupleMember, isTSNamespaceExportDeclaration, isTSNeverKeyword, isTSNonNullExpression, isTSNullKeyword, isTSNumberKeyword, isTSObjectKeyword, isTSOptionalType, isTSParameterProperty, isTSParenthesizedType, isTSPropertySignature, isTSQualifiedName, isTSRestType, isTSSatisfiesExpression, isTSStringKeyword, isTSSymbolKeyword, isTSTemplateLiteralType, isTSThisType, isTSTupleType, isTSType, isTSTypeAliasDeclaration, isTSTypeAnnotation, isTSTypeAssertion, isTSTypeElement, isTSTypeLiteral, isTSTypeOperator, isTSTypeParameter, isTSTypeParameterDeclaration, isTSTypeParameterInstantiation, isTSTypePredicate, isTSTypeQuery, isTSTypeReference, isTSUndefinedKeyword, isTSUnionType, isTSUnknownKeyword, isTSVoidKeyword, isTaggedTemplateExpression, isTemplateElement, isTemplateLiteral, isTerminatorless, isThisExpression, isThisTypeAnnotation, isThrowStatement, isTopicReference, isTryStatement, isTupleExpression, isTupleTypeAnnotation, isType, isTypeAlias, isTypeAnnotation, isTypeCastExpression, isTypeParameter, isTypeParameterDeclaration, isTypeParameterInstantiation, isTypeScript, isTypeofTypeAnnotation, isUnaryExpression, isUnaryLike, isUnionTypeAnnotation, isUpdateExpression, isUserWhitespacable, isV8IntrinsicIdentifier, isValidES3Identifier, isValidIdentifier, isVar, isVariableDeclaration, isVariableDeclarator, isVariance, isVoidPattern, isVoidTypeAnnotation, isWhile, isWhileStatement, isWithStatement, isYieldExpression, jsxAttribute as jSXAttribute, jsxClosingElement as jSXClosingElement, jsxClosingFragment as jSXClosingFragment, jsxElement as jSXElement, jsxEmptyExpression as jSXEmptyExpression, jsxExpressionContainer as jSXExpressionContainer, jsxFragment as jSXFragment, jsxIdentifier as jSXIdentifier, jsxMemberExpression as jSXMemberExpression, jsxNamespacedName as jSXNamespacedName, jsxOpeningElement as jSXOpeningElement, jsxOpeningFragment as jSXOpeningFragment, jsxSpreadAttribute as jSXSpreadAttribute, jsxSpreadChild as jSXSpreadChild, jsxText as jSXText, jsxAttribute, jsxClosingElement, jsxClosingFragment, jsxElement, jsxEmptyExpression, jsxExpressionContainer, jsxFragment, jsxIdentifier, jsxMemberExpression, jsxNamespacedName, jsxOpeningElement, jsxOpeningFragment, jsxSpreadAttribute, jsxSpreadChild, jsxText, labeledStatement, logicalExpression, matchesPattern, memberExpression, metaProperty, mixedTypeAnnotation, moduleExpression, newExpression, noop, nullLiteral, nullLiteralTypeAnnotation, nullableTypeAnnotation, NumberLiteral as numberLiteral, numberLiteralTypeAnnotation, numberTypeAnnotation, numericLiteral, objectExpression, objectMethod, objectPattern, objectProperty, objectTypeAnnotation, objectTypeCallProperty, objectTypeIndexer, objectTypeInternalSlot, objectTypeProperty, objectTypeSpreadProperty, opaqueType, optionalCallExpression, optionalIndexedAccessType, optionalMemberExpression, parenthesizedExpression, pipelineBareFunction, pipelinePrimaryTopicReference, pipelineTopicExpression, placeholder, prependToMemberExpression, privateName, program, qualifiedTypeIdentifier, react, recordExpression, regExpLiteral, RegexLiteral as regexLiteral, removeComments, removeProperties, removePropertiesDeep, removeTypeDuplicates, restElement, RestProperty as restProperty, returnStatement, sequenceExpression, shallowEqual, spreadElement, SpreadProperty as spreadProperty, staticBlock, stringLiteral, stringLiteralTypeAnnotation, stringTypeAnnotation, _super as super, switchCase, switchStatement, symbolTypeAnnotation, tsAnyKeyword as tSAnyKeyword, tsArrayType as tSArrayType, tsAsExpression as tSAsExpression, tsBigIntKeyword as tSBigIntKeyword, tsBooleanKeyword as tSBooleanKeyword, tsCallSignatureDeclaration as tSCallSignatureDeclaration, tsConditionalType as tSConditionalType, tsConstructSignatureDeclaration as tSConstructSignatureDeclaration, tsConstructorType as tSConstructorType, tsDeclareFunction as tSDeclareFunction, tsDeclareMethod as tSDeclareMethod, tsEnumBody as tSEnumBody, tsEnumDeclaration as tSEnumDeclaration, tsEnumMember as tSEnumMember, tsExportAssignment as tSExportAssignment, tsExpressionWithTypeArguments as tSExpressionWithTypeArguments, tsExternalModuleReference as tSExternalModuleReference, tsFunctionType as tSFunctionType, tsImportEqualsDeclaration as tSImportEqualsDeclaration, tsImportType as tSImportType, tsIndexSignature as tSIndexSignature, tsIndexedAccessType as tSIndexedAccessType, tsInferType as tSInferType, tsInstantiationExpression as tSInstantiationExpression, tsInterfaceBody as tSInterfaceBody, tsInterfaceDeclaration as tSInterfaceDeclaration, tsIntersectionType as tSIntersectionType, tsIntrinsicKeyword as tSIntrinsicKeyword, tsLiteralType as tSLiteralType, tsMappedType as tSMappedType, tsMethodSignature as tSMethodSignature, tsModuleBlock as tSModuleBlock, tsModuleDeclaration as tSModuleDeclaration, tsNamedTupleMember as tSNamedTupleMember, tsNamespaceExportDeclaration as tSNamespaceExportDeclaration, tsNeverKeyword as tSNeverKeyword, tsNonNullExpression as tSNonNullExpression, tsNullKeyword as tSNullKeyword, tsNumberKeyword as tSNumberKeyword, tsObjectKeyword as tSObjectKeyword, tsOptionalType as tSOptionalType, tsParameterProperty as tSParameterProperty, tsParenthesizedType as tSParenthesizedType, tsPropertySignature as tSPropertySignature, tsQualifiedName as tSQualifiedName, tsRestType as tSRestType, tsSatisfiesExpression as tSSatisfiesExpression, tsStringKeyword as tSStringKeyword, tsSymbolKeyword as tSSymbolKeyword, tsTemplateLiteralType as tSTemplateLiteralType, tsThisType as tSThisType, tsTupleType as tSTupleType, tsTypeAliasDeclaration as tSTypeAliasDeclaration, tsTypeAnnotation as tSTypeAnnotation, tsTypeAssertion as tSTypeAssertion, tsTypeLiteral as tSTypeLiteral, tsTypeOperator as tSTypeOperator, tsTypeParameter as tSTypeParameter, tsTypeParameterDeclaration as tSTypeParameterDeclaration, tsTypeParameterInstantiation as tSTypeParameterInstantiation, tsTypePredicate as tSTypePredicate, tsTypeQuery as tSTypeQuery, tsTypeReference as tSTypeReference, tsUndefinedKeyword as tSUndefinedKeyword, tsUnionType as tSUnionType, tsUnknownKeyword as tSUnknownKeyword, tsVoidKeyword as tSVoidKeyword, taggedTemplateExpression, templateElement, templateLiteral, thisExpression, thisTypeAnnotation, throwStatement, toBindingIdentifierName, toBlock, toComputedKey, _default$3 as toExpression, toIdentifier, toKeyAlias, _default$2 as toStatement, topicReference, traverse, traverseFast, tryStatement, tsAnyKeyword, tsArrayType, tsAsExpression, tsBigIntKeyword, tsBooleanKeyword, tsCallSignatureDeclaration, tsConditionalType, tsConstructSignatureDeclaration, tsConstructorType, tsDeclareFunction, tsDeclareMethod, tsEnumBody, tsEnumDeclaration, tsEnumMember, tsExportAssignment, tsExpressionWithTypeArguments, tsExternalModuleReference, tsFunctionType, tsImportEqualsDeclaration, tsImportType, tsIndexSignature, tsIndexedAccessType, tsInferType, tsInstantiationExpression, tsInterfaceBody, tsInterfaceDeclaration, tsIntersectionType, tsIntrinsicKeyword, tsLiteralType, tsMappedType, tsMethodSignature, tsModuleBlock, tsModuleDeclaration, tsNamedTupleMember, tsNamespaceExportDeclaration, tsNeverKeyword, tsNonNullExpression, tsNullKeyword, tsNumberKeyword, tsObjectKeyword, tsOptionalType, tsParameterProperty, tsParenthesizedType, tsPropertySignature, tsQualifiedName, tsRestType, tsSatisfiesExpression, tsStringKeyword, tsSymbolKeyword, tsTemplateLiteralType, tsThisType, tsTupleType, tsTypeAliasDeclaration, tsTypeAnnotation, tsTypeAssertion, tsTypeLiteral, tsTypeOperator, tsTypeParameter, tsTypeParameterDeclaration, tsTypeParameterInstantiation, tsTypePredicate, tsTypeQuery, tsTypeReference, tsUndefinedKeyword, tsUnionType, tsUnknownKeyword, tsVoidKeyword, tupleExpression, tupleTypeAnnotation, typeAlias, typeAnnotation, typeCastExpression, typeParameter, typeParameterDeclaration, typeParameterInstantiation, typeofTypeAnnotation, unaryExpression, unionTypeAnnotation, updateExpression, v8IntrinsicIdentifier, validate, _default$1 as valueToNode, variableDeclaration, variableDeclarator, variance, voidPattern, voidTypeAnnotation, whileStatement, withStatement, yieldExpression };	P2	2
TODO_OR_FIXME	.claude/worktrees/backend-core/node_modules/.pnpm/@eslint+config-array@0.21.1/node_modules/@eslint/config-array/dist/esm/index.js		// TODO	 Throw more verbose error	P3	3
DEBUGGER	.claude/worktrees/backend-core/node_modules/.pnpm/@eslint+js@9.39.3/node_modules/@eslint/js/src/configs/eslint-all.js	        "no-debugger"	 "error",	P2	2
DEBUGGER	.claude/worktrees/backend-core/node_modules/.pnpm/@eslint+js@9.39.3/node_modules/@eslint/js/src/configs/eslint-recommended.js	        "no-debugger"	 "error",	P2	2
TODO_OR_FIXME	.claude/worktrees/backend-core/node_modules/.pnpm/@eslint-community+eslint-utils@4.9.1_eslint@9.39.3_jiti@2.6.1_/node_modules/@eslint-community/eslint-utils/index.js	                        // TODO(mysticatea)	 don't support destructuring here.	P3	3
TODO_OR_FIXME	.claude/worktrees/backend-core/node_modules/.pnpm/@jridgewell+gen-mapping@0.3.13/node_modules/@jridgewell/gen-mapping/src/gen-mapping.ts	  // TODO	 implement originalScopes/generatedRanges	P3	3
TODO_OR_FIXME	.claude/worktrees/backend-core/node_modules/.pnpm/@jridgewell+remapping@2.3.5/node_modules/@jridgewell/remapping/src/build-source-map-tree.ts	    // TODO	 We should eventually support async loading of sourcemap files.	P3	3
TODO_OR_FIXME	.claude/worktrees/backend-core/node_modules/.pnpm/@jridgewell+remapping@2.3.5/node_modules/@jridgewell/remapping/src/source-map-tree.ts	  // TODO	 Eventually support sourceRoot, which has to be removed because the sources are already	P3	3
